"","X.2","X.1","X","trait","contrast","estimate","SE","df","lower.CL","upper.CL","t.ratio","p.value","significance"
"1",1,1,1,"chloro4","141 - 522",22.9570982,1.094257428,30.97120297,18.94235675,26.97183965,20.97961376,1.7e-18,"****"
"2",2,2,2,"chloro4","141 - (522 + 141)",0.7370982,1.094257428,30.97120297,-3.277643253,4.751839654,0.673605845,0.631947799,"ns"
"3",3,3,3,"chloro4","141 - 702A",21.9770982,1.094257428,30.97120297,17.96235675,25.99183965,20.08402926,1.7e-18,"****"
"4",4,4,4,"chloro4","141 - (702A + 141)",0.6570982,1.094257428,30.97120297,-3.357643253,4.671839654,0.600496906,0.675332036,"ns"
"5",5,5,5,"chloro4","141 - 717A",21.60352153,1.102114901,31.77886476,17.57068268,25.63636038,19.60187773,1.7e-18,"****"
"6",6,6,6,"chloro4","141 - (717A + 141)",1.201760764,1.102114901,31.77886476,-2.831078086,5.234599614,1.090413316,0.380613897,"ns"
"7",7,7,7,"chloro4","141 - 733B",21.61416755,1.102114901,31.77886476,17.5813287,25.6470064,19.61153736,1.7e-18,"****"
"8",8,8,8,"chloro4","141 - (733B + 141)",1.2820982,1.094257428,30.97120297,-2.732643253,5.296839654,1.171660495,0.380613897,"ns"
"9",9,9,9,"chloro4","141 - ExCtrl",20.1370982,1.33696298,30.70340565,15.22740863,25.04678777,15.06182183,2.12e-15,"****"
"10",10,10,10,"chloro4","141 - InCtrl",22.82332852,1.102114901,31.77886476,18.79048967,26.85616738,20.70866523,1.7e-18,"****"
"11",11,11,11,"chloro4","522 - (522 + 141)",-22.22,1.086343124,30.16999274,-26.21680877,-18.22319123,-20.45394269,1.7e-18,"****"
"12",12,12,12,"chloro4","522 - 702A",-0.98,1.086343124,30.16999274,-4.976808766,3.016808766,-0.902109083,0.48995166,"ns"
"13",13,13,13,"chloro4","522 - (702A + 141)",-22.3,1.086343124,30.16999274,-26.29680877,-18.30319123,-20.52758424,1.7e-18,"****"
"14",14,14,14,"chloro4","522 - 717A",-1.353576672,1.094257428,30.97120297,-5.368318125,2.661164782,-1.236981936,0.359817433,"ns"
"15",15,15,15,"chloro4","522 - (717A + 141)",-21.75533744,1.094257428,30.97120297,-25.77007889,-17.74059598,-19.88137058,1.71e-18,"****"
"16",16,16,16,"chloro4","522 - 733B",-1.342930651,1.094257428,30.97120297,-5.357672105,2.671810802,-1.227252945,0.359817433,"ns"
"17",17,17,17,"chloro4","522 - (733B + 141)",-21.675,1.086343124,30.16999274,-25.67180877,-17.67819123,-19.95225957,2.63e-18,"****"
"18",18,18,18,"chloro4","522 - ExCtrl",-2.82,1.33049317,30.16999274,-7.715071038,2.075071038,-2.119514826,0.075199559,"ns"
"19",19,19,19,"chloro4","522 - InCtrl",-0.133769675,1.094257428,30.97120297,-4.148511129,3.880971778,-0.122246989,0.955617815,"ns"
"20",20,20,20,"chloro4","(522 + 141) - 702A",21.24,1.086343124,30.16999274,17.24319123,25.23680877,19.5518336,3.29e-18,"****"
"21",21,21,21,"chloro4","(522 + 141) - (702A + 141)",-0.08,1.086343124,30.16999274,-4.076808766,3.916808766,-0.073641558,0.959389611,"ns"
"22",22,22,22,"chloro4","(522 + 141) - 717A",20.86642333,1.094257428,30.97120297,16.85168187,24.88116478,19.06902598,3.29e-18,"****"
"23",23,23,23,"chloro4","(522 + 141) - (717A + 141)",0.464662564,1.094257428,30.97120297,-3.550078889,4.479404017,0.42463734,0.756571663,"ns"
"24",24,24,24,"chloro4","(522 + 141) - 733B",20.87706935,1.094257428,30.97120297,16.8623279,24.8918108,19.07875497,3.29e-18,"****"
"25",25,25,25,"chloro4","(522 + 141) - (733B + 141)",0.545,1.086343124,30.16999274,-3.451808766,4.541808766,0.501683113,0.712913152,"ns"
"26",26,26,26,"chloro4","(522 + 141) - ExCtrl",19.4,1.33049317,30.16999274,14.50492896,24.29507104,14.58105944,6.56e-15,"****"
"27",27,27,27,"chloro4","(522 + 141) - InCtrl",22.08623032,1.094257428,30.97120297,18.07148887,26.10097178,20.18376093,1.7e-18,"****"
"28",28,28,28,"chloro4","702A - (702A + 141)",-21.32,1.086343124,30.16999274,-25.31680877,-17.32319123,-19.62547516,3.29e-18,"****"
"29",29,29,29,"chloro4","702A - 717A",-0.373576672,1.094257428,30.97120297,-4.388318125,3.641164782,-0.341397428,0.800599024,"ns"
"30",30,30,30,"chloro4","702A - (717A + 141)",-20.77533744,1.094257428,30.97120297,-24.79007889,-16.76059598,-18.98578607,3.48e-18,"****"
"31",31,31,31,"chloro4","702A - 733B",-0.362930651,1.094257428,30.97120297,-4.377672105,3.651810802,-0.331668437,0.800599024,"ns"
"32",32,32,32,"chloro4","702A - (733B + 141)",-20.695,1.086343124,30.16999274,-24.69180877,-16.69819123,-19.05015049,5.32e-18,"****"
"33",33,33,33,"chloro4","702A - ExCtrl",-1.84,1.33049317,30.16999274,-6.735071038,3.055071038,-1.382945844,0.294720042,"ns"
"34",34,34,34,"chloro4","702A - InCtrl",0.846230325,1.094257428,30.97120297,-3.168511129,4.860971778,0.773337519,0.569423138,"ns"
"35",35,35,35,"chloro4","(702A + 141) - 717A",20.94642333,1.094257428,30.97120297,16.93168187,24.96116478,19.14213492,3.29e-18,"****"
"36",36,36,36,"chloro4","(702A + 141) - (717A + 141)",0.544662564,1.094257428,30.97120297,-3.470078889,4.559404017,0.49774628,0.712913152,"ns"
"37",37,37,37,"chloro4","(702A + 141) - 733B",20.95706935,1.094257428,30.97120297,16.9423279,24.9718108,19.15186391,3.29e-18,"****"
"38",38,38,38,"chloro4","(702A + 141) - (733B + 141)",0.625,1.086343124,30.16999274,-3.371808766,4.621808766,0.575324671,0.680730409,"ns"
"39",39,39,39,"chloro4","(702A + 141) - ExCtrl",19.48,1.33049317,30.16999274,14.58492896,24.37507104,14.64118752,6.1e-15,"****"
"40",40,40,40,"chloro4","(702A + 141) - InCtrl",22.16623032,1.094257428,30.97120297,18.15148887,26.18097178,20.25686987,1.7e-18,"****"
"41",41,41,41,"chloro4","717A - (717A + 141)",-20.40176076,1.102114901,31.77886476,-24.43459961,-16.36892191,-18.51146441,3.48e-18,"****"
"42",42,42,42,"chloro4","717A - 733B",0.010646021,1.102114901,31.77886476,-4.02219283,4.043484871,0.009659629,0.992353238,"ns"
"43",43,43,43,"chloro4","717A - (733B + 141)",-20.32142333,1.094257428,30.97120297,-24.33616478,-16.30668187,-18.57097133,5.32e-18,"****"
"44",44,44,44,"chloro4","717A - ExCtrl",-1.466423328,1.33696298,30.70340565,-6.376112895,3.443266239,-1.096831662,0.380613897,"ns"
"45",45,45,45,"chloro4","717A - InCtrl",1.219806997,1.102114901,31.77886476,-2.813031854,5.252645847,1.106787501,0.380613897,"ns"
"46",46,46,46,"chloro4","(717A + 141) - 733B",20.41240678,1.102114901,31.77886476,16.37956793,24.44524564,18.52112404,3.48e-18,"****"
"47",47,47,47,"chloro4","(717A + 141) - (733B + 141)",0.080337436,1.094257428,30.97120297,-3.934404017,4.095078889,0.073417309,0.959389611,"ns"
"48",48,48,48,"chloro4","(717A + 141) - ExCtrl",18.93533744,1.33696298,30.70340565,14.02564787,23.845027,14.1629482,9.97e-15,"****"
"49",49,49,49,"chloro4","(717A + 141) - InCtrl",21.62156776,1.102114901,31.77886476,17.58872891,25.65440661,19.61825191,1.7e-18,"****"
"50",50,50,50,"chloro4","733B - (733B + 141)",-20.33206935,1.094257428,30.97120297,-24.3468108,-16.3173279,-18.58070032,5.32e-18,"****"
"51",51,51,51,"chloro4","733B - ExCtrl",-1.477069349,1.33696298,30.70340565,-6.386758916,3.432620218,-1.104794501,0.380613897,"ns"
"52",52,52,52,"chloro4","733B - InCtrl",1.209160976,1.102114901,31.77886476,-2.823677875,5.241999826,1.097127872,0.380613897,"ns"
"53",53,53,53,"chloro4","(733B + 141) - ExCtrl",18.855,1.33049317,30.16999274,13.95992896,23.75007104,14.1714369,1.3e-14,"****"
"54",54,54,54,"chloro4","(733B + 141) - InCtrl",21.54123032,1.094257428,30.97120297,17.52648887,25.55597178,19.68570628,2.09e-18,"****"
"55",55,55,55,"chloro4","ExCtrl - InCtrl",2.686230325,1.33696298,30.70340565,-2.223459242,7.595919891,2.00920322,0.091741552,"ns"
"56",56,56,56,"height4","141 - 522",3.536677747,0.558612804,31.07251316,1.487871985,5.585483509,6.331179163,1.63e-06,"****"
"57",57,57,57,"height4","141 - (522 + 141)",-0.298322253,0.558612804,31.07251316,-2.347128015,1.750483509,-0.534041201,0.729805269,"ns"
"58",58,58,58,"height4","141 - 702A",4.251677747,0.558612804,31.07251316,2.202871985,6.300483509,7.611135502,1.89e-07,"****"
"59",59,59,59,"height4","141 - (702A + 141)",-0.043322253,0.558612804,31.07251316,-2.092128015,2.005483509,-0.077553276,0.938680661,"ns"
"60",60,60,60,"height4","141 - 717A",3.607848394,0.560259968,31.42525028,1.555404459,5.660292328,6.439596974,1.31e-06,"****"
"61",61,61,61,"height4","141 - (717A + 141)",1.066677747,0.558612804,31.07251316,-0.982128015,3.115483509,1.90951181,0.109111158,"ns"
"62",62,62,62,"height4","141 - 733B",3.99373451,0.560259968,31.42525028,1.941290576,6.046178444,7.128359582,3.78e-07,"****"
"63",63,63,63,"height4","141 - (733B + 141)",0.531677747,0.558612804,31.07251316,-1.517128015,2.580483509,0.951782242,0.479260187,"ns"
"64",64,64,64,"height4","141 - ExCtrl",3.471677747,0.683484392,30.9552595,0.963893954,5.97946154,5.079381162,3.78e-05,"****"
"65",65,65,65,"height4","141 - InCtrl",3.769952221,0.560259968,31.42525028,1.717508286,5.822396155,6.728933775,7.34e-07,"****"
"66",66,66,66,"height4","522 - (522 + 141)",-3.835,0.55696077,30.72124353,-5.880185092,-1.789814908,-6.885583707,6.51e-07,"****"
"67",67,67,67,"height4","522 - 702A",0.715,0.55696077,30.72124353,-1.330185092,2.760185092,1.283752894,0.32815665,"ns"
"68",68,68,68,"height4","522 - (702A + 141)",-3.58,0.55696077,30.72124353,-5.625185092,-1.534814908,-6.427741765,1.4e-06,"****"
"69",69,69,69,"height4","522 - 717A",0.071170647,0.558612804,31.07251316,-1.977635116,2.119976409,0.127406042,0.933381127,"ns"
"70",70,70,70,"height4","522 - (717A + 141)",-2.47,0.55696077,30.72124353,-4.515185092,-0.424814908,-4.434782726,0.000215026,"***"
"71",71,71,71,"height4","522 - 733B",0.457056763,0.558612804,31.07251316,-1.591748999,2.505862525,0.818199582,0.549310942,"ns"
"72",72,72,72,"height4","522 - (733B + 141)",-3.005,0.55696077,30.72124353,-5.050185092,-0.959814908,-5.395353074,1.78e-05,"****"
"73",73,73,73,"height4","522 - ExCtrl",-0.065,0.682134846,30.72124353,-2.569829953,2.439829953,-0.095289077,0.938680661,"ns"
"74",74,74,74,"height4","522 - InCtrl",0.233274474,0.558612804,31.07251316,-1.815531289,2.282080236,0.417596002,0.761509367,"ns"
"75",75,75,75,"height4","(522 + 141) - 702A",4.55,0.55696077,30.72124353,2.504814908,6.595185092,8.169336601,1.86e-07,"****"
"76",76,76,76,"height4","(522 + 141) - (702A + 141)",0.255,0.55696077,30.72124353,-1.790185092,2.300185092,0.457841941,0.760975225,"ns"
"77",77,77,77,"height4","(522 + 141) - 717A",3.906170647,0.558612804,31.07251316,1.857364884,5.954976409,6.992626406,5.13e-07,"****"
"78",78,78,78,"height4","(522 + 141) - (717A + 141)",1.365,0.55696077,30.72124353,-0.680185092,3.410185092,2.45080098,0.035749952,"*"
"79",79,79,79,"height4","(522 + 141) - 733B",4.292056763,0.558612804,31.07251316,2.243251001,6.340862525,7.683419946,1.89e-07,"****"
"80",80,80,80,"height4","(522 + 141) - (733B + 141)",0.83,0.55696077,30.72124353,-1.215185092,2.875185092,1.490230633,0.236758981,"ns"
"81",81,81,81,"height4","(522 + 141) - ExCtrl",3.77,0.682134846,30.72124353,1.265170047,6.274829953,5.526766477,1.31e-05,"****"
"82",82,82,82,"height4","(522 + 141) - InCtrl",4.068274474,0.558612804,31.07251316,2.019468711,6.117080236,7.282816366,3.59e-07,"****"
"83",83,83,83,"height4","702A - (702A + 141)",-4.295,0.55696077,30.72124353,-6.340185092,-2.249814908,-7.71149466,1.89e-07,"****"
"84",84,84,84,"height4","702A - 717A",-0.643829353,0.558612804,31.07251316,-2.692635116,1.404976409,-1.152550297,0.388978419,"ns"
"85",85,85,85,"height4","702A - (717A + 141)",-3.185,0.55696077,30.72124353,-5.230185092,-1.139814908,-5.718535621,8.18e-06,"****"
"86",86,86,86,"height4","702A - 733B",-0.257943237,0.558612804,31.07251316,-2.306748999,1.790862525,-0.461756757,0.760975225,"ns"
"87",87,87,87,"height4","702A - (733B + 141)",-3.72,0.55696077,30.72124353,-5.765185092,-1.674814908,-6.679105968,8.66e-07,"****"
"88",88,88,88,"height4","702A - ExCtrl",-0.78,0.682134846,30.72124353,-3.284829953,1.724829953,-1.143468926,0.388978419,"ns"
"89",89,89,89,"height4","702A - InCtrl",-0.481725526,0.558612804,31.07251316,-2.530531289,1.567080236,-0.862360337,0.530007182,"ns"
"90",90,90,90,"height4","(702A + 141) - 717A",3.651170647,0.558612804,31.07251316,1.602364884,5.699976409,6.536138481,1.13e-06,"****"
"91",91,91,91,"height4","(702A + 141) - (717A + 141)",1.11,0.55696077,30.72124353,-0.935185092,3.155185092,1.992959039,0.094897619,"ns"
"92",92,92,92,"height4","(702A + 141) - 733B",4.037056763,0.558612804,31.07251316,1.988251001,6.085862525,7.226932021,3.59e-07,"****"
"93",93,93,93,"height4","(702A + 141) - (733B + 141)",0.575,0.55696077,30.72124353,-1.470185092,2.620185092,1.032388691,0.448610964,"ns"
"94",94,94,94,"height4","(702A + 141) - ExCtrl",3.515,0.682134846,30.72124353,1.010170047,6.019829953,5.152940097,3.25e-05,"****"
"95",95,95,95,"height4","(702A + 141) - InCtrl",3.813274474,0.558612804,31.07251316,1.764468711,5.862080236,6.82632844,6.51e-07,"****"
"96",96,96,96,"height4","717A - (717A + 141)",-2.541170647,0.558612804,31.07251316,-4.589976409,-0.492364884,-4.549073395,0.000157917,"***"
"97",97,97,97,"height4","717A - 733B",0.385886116,0.560259968,31.42525028,-1.666557818,2.438330051,0.688762608,0.620033284,"ns"
"98",98,98,98,"height4","717A - (733B + 141)",-3.076170647,0.558612804,31.07251316,-5.124976409,-1.027364884,-5.506802964,1.31e-05,"****"
"99",99,99,99,"height4","717A - ExCtrl",-0.136170647,0.683484392,30.9552595,-2.64395444,2.371613147,-0.199230075,0.892042537,"ns"
"100",100,100,100,"height4","717A - InCtrl",0.162103827,0.560259968,31.42525028,-1.890340107,2.214547761,0.289336801,0.834947448,"ns"
"101",101,101,101,"height4","(717A + 141) - 733B",2.927056763,0.558612804,31.07251316,0.878251001,4.975862525,5.239866935,2.56e-05,"****"
"102",102,102,102,"height4","(717A + 141) - (733B + 141)",-0.535,0.55696077,30.72124353,-2.580185092,1.510185092,-0.960570348,0.479260187,"ns"
"103",103,103,103,"height4","(717A + 141) - ExCtrl",2.405,0.682134846,30.72124353,-0.099829953,4.909829953,3.525695856,0.002472892,"ns"
"104",104,104,104,"height4","(717A + 141) - InCtrl",2.703274474,0.558612804,31.07251316,0.654468711,4.752080236,4.839263355,7.16e-05,"****"
"105",105,105,105,"height4","733B - (733B + 141)",-3.462056763,0.558612804,31.07251316,-5.510862525,-1.413251001,-6.197596503,2.24e-06,"****"
"106",106,106,106,"height4","733B - ExCtrl",-0.522056763,0.683484392,30.9552595,-3.029840556,1.98572703,-0.763816656,0.576552809,"ns"
"107",107,107,107,"height4","733B - InCtrl",-0.223782289,0.560259968,31.42525028,-2.276226224,1.828661645,-0.399425806,0.761509367,"ns"
"108",108,108,108,"height4","(733B + 141) - ExCtrl",2.94,0.682134846,30.72124353,0.435170047,5.444829953,4.309998261,0.000295082,"***"
"109",109,109,109,"height4","(733B + 141) - InCtrl",3.238274474,0.558612804,31.07251316,1.189468711,5.287080236,5.796992923,6.63e-06,"****"
"110",110,110,110,"height4","ExCtrl - InCtrl",0.298274474,0.683484392,30.9552595,-2.20950932,2.806058267,0.436402758,0.761509367,"ns"
"111",111,111,111,"leaf4","141 - 522",46.73308096,5.861009368,31.08262166,25.23757924,68.22858267,7.97355507,1.36e-07,"****"
"112",112,112,112,"leaf4","141 - (522 + 141)",7.283080957,5.861009368,31.08262166,-14.21242076,28.77858267,1.24263254,0.341147402,"ns"
"113",113,113,113,"leaf4","141 - 702A",47.33308096,5.861009368,31.08262166,25.83757924,68.82858267,8.075926515,1.36e-07,"****"
"114",114,114,114,"leaf4","141 - (702A + 141)",3.083080957,5.861009368,31.08262166,-18.41242076,24.57858267,0.526032423,0.828573744,"ns"
"115",115,115,115,"leaf4","141 - 717A",44.60333827,5.881165839,31.49146324,23.06307242,66.14360411,7.584098032,1.49e-07,"****"
"116",116,116,116,"leaf4","141 - (717A + 141)",17.88308096,5.861009368,31.08262166,-3.612420761,39.37858267,3.051194741,0.008224566,"ns"
"117",117,117,117,"leaf4","141 - 733B",45.2901614,5.881165839,31.49146324,23.74989555,66.83042725,7.700881533,1.36e-07,"****"
"118",118,118,118,"leaf4","141 - (733B + 141)",13.53308096,5.861009368,31.08262166,-7.962420761,35.02858267,2.309001762,0.04626031,"*"
"119",119,119,119,"leaf4","141 - ExCtrl",47.48308096,7.169993431,30.94676988,21.17478471,73.7913772,6.62247203,9.03e-07,"****"
"120",120,120,120,"leaf4","141 - InCtrl",45.43747888,5.881165839,31.49146324,23.89721303,66.97774473,7.725930559,1.36e-07,"****"
"121",121,121,121,"leaf4","522 - (522 + 141)",-39.45,5.840783337,30.67571468,-60.90098129,-17.99901871,-6.75423102,7.08e-07,"****"
"122",122,122,122,"leaf4","522 - 702A",0.6,5.840783337,30.67571468,-20.85098129,22.05098129,0.102725947,0.953522645,"ns"
"123",123,123,123,"leaf4","522 - (702A + 141)",-43.65,5.840783337,30.67571468,-65.10098129,-22.19901871,-7.47331265,1.7e-07,"****"
"124",124,124,124,"leaf4","522 - 717A",-2.12974269,5.861009368,31.08262166,-23.62524441,19.36575903,-0.363374729,0.90962372,"ns"
"125",125,125,125,"leaf4","522 - (717A + 141)",-28.85,5.840783337,30.67571468,-50.30098129,-7.399018709,-4.939405955,5.76e-05,"****"
"126",126,126,126,"leaf4","522 - 733B",-1.442919556,5.861009368,31.08262166,-22.93842127,20.05258216,-0.246189601,0.924863989,"ns"
"127",127,127,127,"leaf4","522 - (733B + 141)",-33.2,5.840783337,30.67571468,-54.65098129,-11.74901871,-5.684169072,9.07e-06,"****"
"128",128,128,128,"leaf4","522 - ExCtrl",0.75,7.153469437,30.67571468,-25.52197932,27.02197932,0.104844231,0.953522645,"ns"
"129",129,129,129,"leaf4","522 - InCtrl",-1.295602079,5.861009368,31.08262166,-22.7911038,20.19989964,-0.221054429,0.927699357,"ns"
"130",130,130,130,"leaf4","(522 + 141) - 702A",40.05,5.840783337,30.67571468,18.59901871,61.50098129,6.856956968,5.81e-07,"****"
"131",131,131,131,"leaf4","(522 + 141) - (702A + 141)",-4.2,5.840783337,30.67571468,-25.65098129,17.25098129,-0.71908163,0.673444164,"ns"
"132",132,132,132,"leaf4","(522 + 141) - 717A",37.32025731,5.861009368,31.08262166,15.82475559,58.81575903,6.367547801,1.47e-06,"****"
"133",133,133,133,"leaf4","(522 + 141) - (717A + 141)",10.6,5.840783337,30.67571468,-10.85098129,32.05098129,1.814825065,0.128345192,"ns"
"134",134,134,134,"leaf4","(522 + 141) - 733B",38.00708044,5.861009368,31.08262166,16.51157873,59.50258216,6.484732929,1.13e-06,"****"
"135",135,135,135,"leaf4","(522 + 141) - (733B + 141)",6.25,5.840783337,30.67571468,-15.20098129,27.70098129,1.070061949,0.435450211,"ns"
"136",136,136,136,"leaf4","(522 + 141) - ExCtrl",40.2,7.153469437,30.67571468,13.92802068,66.47197932,5.619650766,1.03e-05,"****"
"137",137,137,137,"leaf4","(522 + 141) - InCtrl",38.15439792,5.861009368,31.08262166,16.6588962,59.64989964,6.509868101,1.13e-06,"****"
"138",138,138,138,"leaf4","702A - (702A + 141)",-44.25,5.840783337,30.67571468,-65.70098129,-22.79901871,-7.576038597,1.51e-07,"****"
"139",139,139,139,"leaf4","702A - 717A",-2.72974269,5.861009368,31.08262166,-24.22524441,18.76575903,-0.465746174,0.864766881,"ns"
"140",140,140,140,"leaf4","702A - (717A + 141)",-29.45,5.840783337,30.67571468,-50.90098129,-7.999018709,-5.042131902,4.48e-05,"****"
"141",141,141,141,"leaf4","702A - 733B",-2.042919556,5.861009368,31.08262166,-23.53842127,19.45258216,-0.348561046,0.90962372,"ns"
"142",142,142,142,"leaf4","702A - (733B + 141)",-33.8,5.840783337,30.67571468,-55.25098129,-12.34901871,-5.786895019,7.15e-06,"****"
"143",143,143,143,"leaf4","702A - ExCtrl",0.15,7.153469437,30.67571468,-26.12197932,26.42197932,0.020968846,0.983406311,"ns"
"144",144,144,144,"leaf4","702A - InCtrl",-1.895602079,5.861009368,31.08262166,-23.3911038,19.59989964,-0.323425874,0.90962372,"ns"
"145",145,145,145,"leaf4","(702A + 141) - 717A",41.52025731,5.861009368,31.08262166,20.02475559,63.01575903,7.084147918,3.18e-07,"****"
"146",146,146,146,"leaf4","(702A + 141) - (717A + 141)",14.8,5.840783337,30.67571468,-6.650981291,36.25098129,2.533906695,0.028548094,"*"
"147",147,147,147,"leaf4","(702A + 141) - 733B",42.20708044,5.861009368,31.08262166,20.71157873,63.70258216,7.201333046,2.56e-07,"****"
"148",148,148,148,"leaf4","(702A + 141) - (733B + 141)",10.45,5.840783337,30.67571468,-11.00098129,31.90098129,1.789143578,0.131168436,"ns"
"149",149,149,149,"leaf4","(702A + 141) - ExCtrl",44.4,7.153469437,30.67571468,18.12802068,70.67197932,6.206778458,2.31e-06,"****"
"150",150,150,150,"leaf4","(702A + 141) - InCtrl",42.35439792,5.861009368,31.08262166,20.8588962,63.84989964,7.226468218,2.56e-07,"****"
"151",151,151,151,"leaf4","717A - (717A + 141)",-26.72025731,5.861009368,31.08262166,-48.21575903,-5.224755592,-4.5589856,0.000142847,"***"
"152",152,152,152,"leaf4","717A - 733B",0.686823135,5.881165839,31.49146324,-20.85344271,22.22708898,0.116783501,0.953522645,"ns"
"153",153,153,153,"leaf4","717A - (733B + 141)",-31.07025731,5.861009368,31.08262166,-52.56575903,-9.574755592,-5.301178579,2.15e-05,"****"
"154",154,154,154,"leaf4","717A - ExCtrl",2.87974269,7.169993431,30.94676988,-23.42855355,29.18803893,0.401638121,0.904502032,"ns"
"155",155,155,155,"leaf4","717A - InCtrl",0.834140611,5.881165839,31.49146324,-20.70612524,22.37440646,0.141832527,0.953522645,"ns"
"156",156,156,156,"leaf4","(717A + 141) - 733B",27.40708044,5.861009368,31.08262166,5.911578726,48.90258216,4.676170728,0.000105927,"***"
"157",157,157,157,"leaf4","(717A + 141) - (733B + 141)",-4.35,5.840783337,30.67571468,-25.80098129,17.10098129,-0.744763116,0.668804307,"ns"
"158",158,158,158,"leaf4","(717A + 141) - ExCtrl",29.6,7.153469437,30.67571468,3.328020678,55.87197932,4.137852305,0.000463031,"***"
"159",159,159,159,"leaf4","(717A + 141) - InCtrl",27.55439792,5.861009368,31.08262166,6.058896203,49.04989964,4.7013059,0.000102241,"***"
"160",160,160,160,"leaf4","733B - (733B + 141)",-31.75708044,5.861009368,31.08262166,-53.25258216,-10.26157873,-5.418363707,1.6e-05,"****"
"161",161,161,161,"leaf4","733B - ExCtrl",2.192919556,7.169993431,30.94676988,-24.11537669,28.5012158,0.305846801,0.90962372,"ns"
"162",162,162,162,"leaf4","733B - InCtrl",0.147317477,5.881165839,31.49146324,-21.39294837,21.68758332,0.025049026,0.983406311,"ns"
"163",163,163,163,"leaf4","(733B + 141) - ExCtrl",33.95,7.153469437,30.67571468,7.678020678,60.22197932,4.745948843,9.61e-05,"****"
"164",164,164,164,"leaf4","(733B + 141) - InCtrl",31.90439792,5.861009368,31.08262166,10.4088962,53.39989964,5.443498879,1.56e-05,"****"
"165",165,165,165,"leaf4","ExCtrl - InCtrl",-2.045602079,7.169993431,30.94676988,-28.35389832,24.26269416,-0.285300412,0.90962372,"ns"
"166",166,166,166,"shoot_mass","141 - 522",216.576108,30.31548073,30.99853174,105.361338,327.7908779,7.144076319,5.48e-07,"****"
"167",167,167,167,"shoot_mass","141 - (522 + 141)",38.27910797,30.31548073,30.99853174,-72.93566196,149.4938779,1.262691768,0.321254102,"ns"
"168",168,168,168,"shoot_mass","141 - 702A",227.714108,30.31548073,30.99853174,116.499338,338.9288779,7.511479366,5.48e-07,"****"
"169",169,169,169,"shoot_mass","141 - (702A + 141)",14.73760797,30.31548073,30.99853174,-96.47716196,125.9523779,0.486141325,0.888865001,"ns"
"170",170,170,170,"shoot_mass","141 - 717A",219.4475058,30.43409685,31.45957846,107.9684445,330.9265671,7.210580518,5.48e-07,"****"
"171",171,171,171,"shoot_mass","141 - (717A + 141)",97.09573697,30.43409685,31.45957846,-14.3833243,208.5747982,3.190360386,0.005699648,"ns"
"172",172,172,172,"shoot_mass","141 - 733B",218.630262,30.43409685,31.45957846,107.1512007,330.1093232,7.183727616,5.48e-07,"****"
"173",173,173,173,"shoot_mass","141 - (733B + 141)",87.07910797,30.31548073,30.99853174,-24.13566196,198.2938779,2.872430384,0.012524607,"*"
"174",174,174,174,"shoot_mass","141 - ExCtrl",220.481108,37.08017824,30.84538605,84.37885319,356.5833627,5.946063866,5.35e-06,"****"
"175",175,175,175,"shoot_mass","141 - InCtrl",218.6282045,30.43409685,31.45957846,107.1491432,330.1072657,7.18366001,5.48e-07,"****"
"176",176,176,176,"shoot_mass","522 - (522 + 141)",-178.297,30.19639868,30.53990719,-289.2490856,-67.34491435,-5.904578288,5.85e-06,"****"
"177",177,177,177,"shoot_mass","522 - 702A",11.138,30.19639868,30.53990719,-99.81408565,122.0900856,0.368851932,0.98034165,"ns"
"178",178,178,178,"shoot_mass","522 - (702A + 141)",-201.8385,30.19639868,30.53990719,-312.7905856,-90.88641435,-6.684191124,1.05e-06,"****"
"179",179,179,179,"shoot_mass","522 - 717A",2.871397843,30.31548073,30.99853174,-108.3433721,114.0861678,0.094717213,0.996871617,"ns"
"180",180,180,180,"shoot_mass","522 - (717A + 141)",-119.480371,30.31548073,30.99853174,-230.6951409,-8.265601069,-3.941232932,0.000844719,"***"
"181",181,181,181,"shoot_mass","522 - 733B",2.054154012,30.31548073,30.99853174,-109.1606159,113.2689239,0.067759243,0.996871617,"ns"
"182",182,182,182,"shoot_mass","522 - (733B + 141)",-129.497,30.19639868,30.53990719,-240.4490856,-18.54491435,-4.288491531,0.000382462,"***"
"183",183,183,183,"shoot_mass","522 - ExCtrl",3.905,36.98288441,30.53990719,-131.9829979,139.7929979,0.105589384,0.996871617,"ns"
"184",184,184,184,"shoot_mass","522 - InCtrl",2.052096498,30.31548073,30.99853174,-109.1626734,113.2668664,0.067691372,0.996871617,"ns"
"185",185,185,185,"shoot_mass","(522 + 141) - 702A",189.435,30.19639868,30.53990719,78.48291435,300.3870856,6.273430221,3.01e-06,"****"
"186",186,186,186,"shoot_mass","(522 + 141) - (702A + 141)",-23.5415,30.19639868,30.53990719,-134.4935856,87.41058565,-0.779612836,0.639185322,"ns"
"187",187,187,187,"shoot_mass","(522 + 141) - 717A",181.1683978,30.31548073,30.99853174,69.95362791,292.3831678,5.976101763,5.35e-06,"****"
"188",188,188,188,"shoot_mass","(522 + 141) - (717A + 141)",58.816629,30.31548073,30.99853174,-52.39814093,170.0313989,1.940151618,0.096651151,"ns"
"189",189,189,189,"shoot_mass","(522 + 141) - 733B",180.351154,30.31548073,30.99853174,69.13638408,291.5659239,5.949143793,5.35e-06,"****"
"190",190,190,190,"shoot_mass","(522 + 141) - (733B + 141)",48.8,30.19639868,30.53990719,-62.15208565,159.7520856,1.616086757,0.177772976,"ns"
"191",191,191,191,"shoot_mass","(522 + 141) - ExCtrl",182.202,36.98288441,30.53990719,46.31400213,318.0899979,4.926657369,8.39e-05,"****"
"192",192,192,192,"shoot_mass","(522 + 141) - InCtrl",180.3490965,30.31548073,30.99853174,69.13432657,291.5638664,5.949075923,5.35e-06,"****"
"193",193,193,193,"shoot_mass","702A - (702A + 141)",-212.9765,30.19639868,30.53990719,-323.9285856,-102.0244144,-7.053043056,6.37e-07,"****"
"194",194,194,194,"shoot_mass","702A - 717A",-8.266602157,30.31548073,30.99853174,-119.4813721,102.9481678,-0.272685834,0.983628837,"ns"
"195",195,195,195,"shoot_mass","702A - (717A + 141)",-130.618371,30.31548073,30.99853174,-241.8331409,-19.40360107,-4.308635979,0.000367979,"***"
"196",196,196,196,"shoot_mass","702A - 733B",-9.083845988,30.31548073,30.99853174,-120.2986159,102.1309239,-0.299643805,0.98034165,"ns"
"197",197,197,197,"shoot_mass","702A - (733B + 141)",-140.635,30.19639868,30.53990719,-251.5870856,-29.68291435,-4.657343464,0.000170768,"***"
"198",198,198,198,"shoot_mass","702A - ExCtrl",-7.233,36.98288441,30.53990719,-143.1209979,128.6549979,-0.195576957,0.996871617,"ns"
"199",199,199,199,"shoot_mass","702A - InCtrl",-9.085903502,30.31548073,30.99853174,-120.3006734,102.1288664,-0.299711675,0.98034165,"ns"
"200",200,200,200,"shoot_mass","(702A + 141) - 717A",204.7098978,30.31548073,30.99853174,93.49512791,315.9246678,6.752652207,9.69e-07,"****"
"201",201,201,201,"shoot_mass","(702A + 141) - (717A + 141)",82.358129,30.31548073,30.99853174,-28.85664093,193.5728989,2.716702062,0.017814385,"*"
"202",202,202,202,"shoot_mass","(702A + 141) - 733B",203.892654,30.31548073,30.99853174,92.67788408,315.1074239,6.725694236,9.69e-07,"****"
"203",203,203,203,"shoot_mass","(702A + 141) - (733B + 141)",72.3415,30.19639868,30.53990719,-38.61058565,183.2935856,2.395699592,0.037062739,"*"
"204",204,204,204,"shoot_mass","(702A + 141) - ExCtrl",205.7435,36.98288441,30.53990719,69.85550213,341.6314979,5.563208583,1.45e-05,"****"
"205",205,205,205,"shoot_mass","(702A + 141) - InCtrl",203.8905965,30.31548073,30.99853174,92.67582657,315.1053664,6.725626366,9.69e-07,"****"
"206",206,206,206,"shoot_mass","717A - (717A + 141)",-122.3517688,30.43409685,31.45957846,-233.8308301,-10.87270758,-4.020220132,0.000743467,"***"
"207",207,207,207,"shoot_mass","717A - 733B",-0.817243831,30.43409685,31.45957846,-112.2963051,110.6618174,-0.026852902,0.996871617,"ns"
"208",208,208,208,"shoot_mass","717A - (733B + 141)",-132.3683978,30.31548073,30.99853174,-243.5831678,-21.15362791,-4.366363147,0.000352774,"***"
"209",209,209,209,"shoot_mass","717A - ExCtrl",1.033602157,37.08017824,30.84538605,-135.0686526,137.1358569,0.027874789,0.996871617,"ns"
"210",210,210,210,"shoot_mass","717A - InCtrl",-0.819301345,30.43409685,31.45957846,-112.2983626,110.6597599,-0.026920508,0.996871617,"ns"
"211",211,211,211,"shoot_mass","(717A + 141) - 733B",121.534525,30.43409685,31.45957846,10.05546375,233.0135863,3.99336723,0.000743467,"***"
"212",212,212,212,"shoot_mass","(717A + 141) - (733B + 141)",-10.016629,30.31548073,30.99853174,-121.2313989,101.1981409,-0.330413002,0.98034165,"ns"
"213",213,213,213,"shoot_mass","(717A + 141) - ExCtrl",123.385371,37.08017824,30.84538605,-12.71688378,259.4876258,3.32752907,0.004171812,"ns"
"214",214,214,214,"shoot_mass","(717A + 141) - InCtrl",121.5324675,30.43409685,31.45957846,10.05340624,233.0115288,3.993299624,0.000743467,"***"
"215",215,215,215,"shoot_mass","733B - (733B + 141)",-131.551154,30.31548073,30.99853174,-242.7659239,-20.33638408,-4.339405177,0.000352774,"***"
"216",216,216,216,"shoot_mass","733B - ExCtrl",1.850845988,37.08017824,30.84538605,-134.2514088,137.9531008,0.0499147,0.996871617,"ns"
"217",217,217,217,"shoot_mass","733B - InCtrl",-0.002057514,30.43409685,31.45957846,-111.4811188,111.4770037,-6.76e-05,0.999946485,"ns"
"218",218,218,218,"shoot_mass","(733B + 141) - ExCtrl",133.402,36.98288441,30.53990719,-2.485997866,269.2899979,3.607128057,0.002067311,"ns"
"219",219,219,219,"shoot_mass","(733B + 141) - InCtrl",131.5490965,30.31548073,30.99853174,20.33432657,242.7638664,4.339337307,0.000352774,"***"
"220",220,220,220,"shoot_mass","ExCtrl - InCtrl",-1.852903502,37.08017824,30.84538605,-137.9551583,134.2493513,-0.049970189,0.996871617,"ns"
"221",221,221,221,"root_mass","141 - 522",65.58130575,17.37201777,31.00100285,1.851197881,129.3114136,3.775111597,0.00851869,"ns"
"222",222,222,222,"root_mass","141 - (522 + 141)",23.98730575,17.37201777,31.00100285,-39.74280212,87.71741361,1.380801359,0.304177167,"ns"
"223",223,223,223,"root_mass","141 - 702A",72.21830575,17.37201777,31.00100285,8.488197881,135.9484136,4.157162784,0.00851869,"ns"
"224",224,224,224,"root_mass","141 - (702A + 141)",1.869305746,17.37201777,31.00100285,-61.86080212,65.59941361,0.107604411,0.953403994,"ns"
"225",225,225,225,"root_mass","141 - 717A",63.61146131,17.42941939,31.39358151,-0.245724031,127.4686466,3.649660375,0.00851869,"ns"
"226",226,226,226,"root_mass","141 - (717A + 141)",39.61580931,17.42941939,31.39358151,-24.24137603,103.4729946,2.272927653,0.097127602,"ns"
"227",227,227,227,"root_mass","141 - 733B",60.98723083,17.42941939,31.39358151,-2.869954511,124.8444162,3.4990971,0.008679168,"ns"
"228",228,228,228,"root_mass","141 - (733B + 141)",37.29830575,17.37201777,31.00100285,-26.43180212,101.0284136,2.147033594,0.113374897,"ns"
"229",229,229,229,"root_mass","141 - ExCtrl",67.76280575,21.25280387,30.8705417,-10.23862015,145.7642316,3.188417215,0.016354507,"*"
"230",230,230,230,"root_mass","141 - InCtrl",64.36350938,17.42941939,31.39358151,0.506324042,128.2206947,3.692808575,0.00851869,"ns"
"231",231,231,231,"root_mass","522 - (522 + 141)",-41.594,17.31442585,30.61022164,-105.197707,22.00970696,-2.402274287,0.088607007,"ns"
"232",232,232,232,"root_mass","522 - 702A",6.637,17.31442585,30.61022164,-56.96670696,70.24070696,0.38332198,0.922075547,"ns"
"233",233,233,233,"root_mass","522 - (702A + 141)",-63.712,17.31442585,30.61022164,-127.315707,-0.108293044,-3.679706192,0.00851869,"ns"
"234",234,234,234,"root_mass","522 - 717A",-1.969844437,17.37201777,31.00100285,-65.6999523,61.76026343,-0.113391804,0.953403994,"ns"
"235",235,235,235,"root_mass","522 - (717A + 141)",-25.96549644,17.37201777,31.00100285,-89.6956043,37.76461143,-1.494673606,0.285037628,"ns"
"236",236,236,236,"root_mass","522 - 733B",-4.594074918,17.37201777,31.00100285,-68.32418278,59.13603295,-0.26445258,0.953403994,"ns"
"237",237,237,237,"root_mass","522 - (733B + 141)",-28.283,17.31442585,30.61022164,-91.88670696,35.32070696,-1.63349338,0.247743417,"ns"
"238",238,238,238,"root_mass","522 - ExCtrl",2.1815,21.20575426,30.61022164,-75.7168139,80.0798139,0.102873021,0.953403994,"ns"
"239",239,239,239,"root_mass","522 - InCtrl",-1.217796364,17.37201777,31.00100285,-64.94790423,62.5123115,-0.070101031,0.962055419,"ns"
"240",240,240,240,"root_mass","(522 + 141) - 702A",48.231,17.31442585,30.61022164,-15.37270696,111.834707,2.785596267,0.038436535,"*"
"241",241,241,241,"root_mass","(522 + 141) - (702A + 141)",-22.118,17.31442585,30.61022164,-85.72170696,41.48570696,-1.277431905,0.331656352,"ns"
"242",242,242,242,"root_mass","(522 + 141) - 717A",39.62415556,17.37201777,31.00100285,-24.1059523,103.3542634,2.280918434,0.097127602,"ns"
"243",243,243,243,"root_mass","(522 + 141) - (717A + 141)",15.62850356,17.37201777,31.00100285,-48.1016043,79.35861143,0.899636633,0.557802547,"ns"
"244",244,244,244,"root_mass","(522 + 141) - 733B",36.99992508,17.37201777,31.00100285,-26.73018278,100.7300329,2.129857658,0.113374897,"ns"
"245",245,245,245,"root_mass","(522 + 141) - (733B + 141)",13.311,17.31442585,30.61022164,-50.29270696,76.91470696,0.768780907,0.648297619,"ns"
"246",246,246,246,"root_mass","(522 + 141) - ExCtrl",43.7755,21.20575426,30.61022164,-34.1228139,121.6738139,2.064321762,0.123519608,"ns"
"247",247,247,247,"root_mass","(522 + 141) - InCtrl",40.37620364,17.37201777,31.00100285,-23.35390423,104.1063115,2.324209207,0.097127602,"ns"
"248",248,248,248,"root_mass","702A - (702A + 141)",-70.349,17.31442585,30.61022164,-133.952707,-6.745293044,-4.063028172,0.00851869,"ns"
"249",249,249,249,"root_mass","702A - 717A",-8.606844437,17.37201777,31.00100285,-72.3369523,55.12326343,-0.495442991,0.857699322,"ns"
"250",250,250,250,"root_mass","702A - (717A + 141)",-32.60249644,17.37201777,31.00100285,-96.3326043,31.12761143,-1.876724792,0.160408134,"ns"
"251",251,251,251,"root_mass","702A - 733B",-11.23107492,17.37201777,31.00100285,-74.96118278,52.49903295,-0.646503766,0.737156656,"ns"
"252",252,252,252,"root_mass","702A - (733B + 141)",-34.92,17.31442585,30.61022164,-98.52370696,28.68370696,-2.01681536,0.125686535,"ns"
"253",253,253,253,"root_mass","702A - ExCtrl",-4.4555,21.20575426,30.61022164,-82.3538139,73.4428139,-0.210108065,0.953403994,"ns"
"254",254,254,254,"root_mass","702A - InCtrl",-7.854796364,17.37201777,31.00100285,-71.58490423,55.8753115,-0.452152218,0.877729373,"ns"
"255",255,255,255,"root_mass","(702A + 141) - 717A",61.74215556,17.37201777,31.00100285,-1.987952302,125.4722634,3.554115382,0.00851869,"ns"
"256",256,256,256,"root_mass","(702A + 141) - (717A + 141)",37.74650356,17.37201777,31.00100285,-25.9836043,101.4766114,2.17283358,0.113374897,"ns"
"257",257,257,257,"root_mass","(702A + 141) - 733B",59.11792508,17.37201777,31.00100285,-4.612182782,122.8480329,3.403054606,0.010208244,"*"
"258",258,258,258,"root_mass","(702A + 141) - (733B + 141)",35.429,17.31442585,30.61022164,-28.17470696,99.03270696,2.046212812,0.123519608,"ns"
"259",259,259,259,"root_mass","(702A + 141) - ExCtrl",65.8935,21.20575426,30.61022164,-12.0048139,143.7918139,3.107340545,0.018580219,"*"
"260",260,260,260,"root_mass","(702A + 141) - InCtrl",62.49420364,17.37201777,31.00100285,-1.235904228,126.2243115,3.597406155,0.00851869,"ns"
"261",261,261,261,"root_mass","717A - (717A + 141)",-23.995652,17.42941939,31.39358151,-87.85283734,39.86153334,-1.376732722,0.304177167,"ns"
"262",262,262,262,"root_mass","717A - 733B",-2.62423048,17.42941939,31.39358151,-66.48141582,61.23295486,-0.150563276,0.953403994,"ns"
"263",263,263,263,"root_mass","717A - (733B + 141)",-26.31315556,17.37201777,31.00100285,-90.04326343,37.4169523,-1.514686199,0.285037628,"ns"
"264",264,264,264,"root_mass","717A - ExCtrl",4.151344437,21.25280387,30.8705417,-73.85008146,82.15277033,0.195331612,0.953403994,"ns"
"265",265,265,265,"root_mass","717A - InCtrl",0.752048073,17.42941939,31.39358151,-63.10513727,64.60923341,0.0431482,0.965856673,"ns"
"266",266,266,266,"root_mass","(717A + 141) - 733B",21.37142152,17.42941939,31.39358151,-42.48576382,85.22860686,1.226169446,0.350247878,"ns"
"267",267,267,267,"root_mass","(717A + 141) - (733B + 141)",-2.317503564,17.37201777,31.00100285,-66.04761143,61.4126043,-0.133404398,0.953403994,"ns"
"268",268,268,268,"root_mass","(717A + 141) - ExCtrl",28.14699644,21.25280387,30.8705417,-49.85442946,106.1484223,1.324389789,0.315595915,"ns"
"269",269,269,269,"root_mass","(717A + 141) - InCtrl",24.74770007,17.42941939,31.39358151,-39.10948527,88.60488541,1.419880922,0.303411667,"ns"
"270",270,270,270,"root_mass","733B - (733B + 141)",-23.68892508,17.37201777,31.00100285,-87.41903295,40.04118278,-1.363625423,0.304177167,"ns"
"271",271,271,271,"root_mass","733B - ExCtrl",6.775574918,21.25280387,30.8705417,-71.22585098,84.77700081,0.318808519,0.953403994,"ns"
"272",272,272,272,"root_mass","733B - InCtrl",3.376278554,17.42941939,31.39358151,-60.48090679,67.23346389,0.193711476,0.953403994,"ns"
"273",273,273,273,"root_mass","(733B + 141) - ExCtrl",30.4645,21.20575426,30.61022164,-47.4338139,108.3628139,1.436614781,0.303411667,"ns"
"274",274,274,274,"root_mass","(733B + 141) - InCtrl",27.06520364,17.37201777,31.00100285,-36.66490423,90.7953115,1.557976972,0.273709789,"ns"
"275",275,275,275,"root_mass","ExCtrl - InCtrl",-3.399296364,21.25280387,30.8705417,-81.40072226,74.60212953,-0.159945783,0.953403994,"ns"
"276",276,276,276,"ratio","141 - 522",1.279404477,0.190343577,30.98921921,0.581091873,1.977717081,6.721553194,3.84e-07,"****"
"277",277,277,277,"ratio","141 - (522 + 141)",-0.273963012,0.190343577,30.98921921,-0.972275616,0.424349591,-1.439307892,0.258966999,"ns"
"278",278,278,278,"ratio","141 - 702A",1.453215383,0.190343577,30.98921921,0.754902779,2.151527987,7.6346962,9.92e-08,"****"
"279",279,279,279,"ratio","141 - (702A + 141)",0.063990669,0.190343577,30.98921921,-0.634321935,0.762303273,0.336185072,0.929703881,"ns"
"280",280,280,280,"ratio","141 - 717A",1.413422111,0.191366898,31.60993221,0.712794667,2.114049554,7.385927912,1.04e-07,"****"
"281",281,281,281,"ratio","141 - (717A + 141)",0.083754539,0.191366898,31.60993221,-0.616872904,0.784381983,0.437664718,0.929703881,"ns"
"282",282,282,282,"ratio","141 - 733B",1.440439014,0.191366898,31.60993221,0.73981157,2.141066457,7.527106472,9.92e-08,"****"
"283",283,283,283,"ratio","141 - (733B + 141)",0.020977441,0.190343577,30.98921921,-0.677335163,0.719290044,0.110208293,0.964450717,"ns"
"284",284,284,284,"ratio","141 - ExCtrl",1.376099244,0.232703051,30.78322965,0.521784759,2.230413729,5.913541916,3.28e-06,"****"
"285",285,285,285,"ratio","141 - InCtrl",1.453815661,0.191366898,31.60993221,0.753188217,2.154443104,7.597006999,9.92e-08,"****"
"286",286,286,286,"ratio","522 - (522 + 141)",-1.55336749,0.189314725,30.37264258,-2.249382945,-0.857352034,-8.205212203,3.7e-08,"****"
"287",287,287,287,"ratio","522 - 702A",0.173810906,0.189314725,30.37264258,-0.522204549,0.869826361,0.918105584,0.560063927,"ns"
"288",288,288,288,"ratio","522 - (702A + 141)",-1.215413808,0.189314725,30.37264258,-1.911429263,-0.519398353,-6.420070122,9.02e-07,"****"
"289",289,289,289,"ratio","522 - 717A",0.134017633,0.190343577,30.98921921,-0.56429497,0.832330237,0.704082773,0.704345549,"ns"
"290",290,290,290,"ratio","522 - (717A + 141)",-1.195649938,0.190343577,30.98921921,-1.893962542,-0.497337334,-6.281535514,1.17e-06,"****"
"291",291,291,291,"ratio","522 - 733B",0.161034537,0.190343577,30.98921921,-0.537278067,0.85934714,0.846020335,0.600580745,"ns"
"292",292,292,292,"ratio","522 - (733B + 141)",-1.258427036,0.189314725,30.37264258,-1.954442492,-0.562411581,-6.647274997,5e-07,"****"
"293",293,293,293,"ratio","522 - ExCtrl",0.096694767,0.231862238,30.37264258,-0.755746593,0.949136126,0.417035423,0.929703881,"ns"
"294",294,294,294,"ratio","522 - InCtrl",0.174411183,0.190343577,30.98921921,-0.52390142,0.872723787,0.916296659,0.560063927,"ns"
"295",295,295,295,"ratio","(522 + 141) - 702A",1.727178396,0.189314725,30.37264258,1.03116294,2.423193851,9.123317786,6.74e-09,"****"
"296",296,296,296,"ratio","(522 + 141) - (702A + 141)",0.337953682,0.189314725,30.37264258,-0.358061774,1.033969137,1.785142081,0.144769142,"ns"
"297",297,297,297,"ratio","(522 + 141) - 717A",1.687385123,0.190343577,30.98921921,0.989072519,2.385697727,8.86494386,7.23e-09,"****"
"298",298,298,298,"ratio","(522 + 141) - (717A + 141)",0.357717552,0.190343577,30.98921921,-0.340595052,1.056030155,1.879325573,0.123542017,"ns"
"299",299,299,299,"ratio","(522 + 141) - 733B",1.714402026,0.190343577,30.98921921,1.016089422,2.41271463,9.006881421,6.74e-09,"****"
"300",300,300,300,"ratio","(522 + 141) - (733B + 141)",0.294940453,0.189314725,30.37264258,-0.401075002,0.990955909,1.557937205,0.216013788,"ns"
"301",301,301,301,"ratio","(522 + 141) - ExCtrl",1.650062256,0.231862238,30.37264258,0.797620897,2.502503616,7.116563132,1.58e-07,"****"
"302",302,302,302,"ratio","(522 + 141) - InCtrl",1.727778673,0.190343577,30.98921921,1.029466069,2.426091277,9.077157745,6.74e-09,"****"
"303",303,303,303,"ratio","702A - (702A + 141)",-1.389224714,0.189314725,30.37264258,-2.085240169,-0.693209259,-7.338175706,1.22e-07,"****"
"304",304,304,304,"ratio","702A - 717A",-0.039793272,0.190343577,30.98921921,-0.738105876,0.658519331,-0.209060232,0.957652456,"ns"
"305",305,305,305,"ratio","702A - (717A + 141)",-1.369460844,0.190343577,30.98921921,-2.067773448,-0.67114824,-7.194678519,1.33e-07,"****"
"306",306,306,306,"ratio","702A - 733B",-0.012776369,0.190343577,30.98921921,-0.711088973,0.685536234,-0.067122671,0.964450717,"ns"
"307",307,307,307,"ratio","702A - (733B + 141)",-1.432237942,0.189314725,30.37264258,-2.128253398,-0.736222487,-7.565380581,9.92e-08,"****"
"308",308,308,308,"ratio","702A - ExCtrl",-0.077116139,0.231862238,30.37264258,-0.929557499,0.77532522,-0.332594647,0.929703881,"ns"
"309",309,309,309,"ratio","702A - InCtrl",0.000600278,0.190343577,30.98921921,-0.697712326,0.698912881,0.003153653,0.997503967,"ns"
"310",310,310,310,"ratio","(702A + 141) - 717A",1.349431441,0.190343577,30.98921921,0.651118838,2.047744045,7.089450895,1.58e-07,"****"
"311",311,311,311,"ratio","(702A + 141) - (717A + 141)",0.01976387,0.190343577,30.98921921,-0.678548734,0.718076474,0.103832608,0.964450717,"ns"
"312",312,312,312,"ratio","(702A + 141) - 733B",1.376448345,0.190343577,30.98921921,0.678135741,2.074760948,7.231388456,1.33e-07,"****"
"313",313,313,313,"ratio","(702A + 141) - (733B + 141)",-0.043013228,0.189314725,30.37264258,-0.739028684,0.653002227,-0.227204875,0.957652456,"ns"
"314",314,314,314,"ratio","(702A + 141) - ExCtrl",1.312108575,0.231862238,30.37264258,0.459667215,2.164549934,5.659000727,6.6e-06,"****"
"315",315,315,315,"ratio","(702A + 141) - InCtrl",1.389824991,0.190343577,30.98921921,0.691512388,2.088137595,7.301664781,1.22e-07,"****"
"316",316,316,316,"ratio","717A - (717A + 141)",-1.329667571,0.191366898,31.60993221,-2.030295015,-0.629040128,-6.948263194,1.92e-07,"****"
"317",317,317,317,"ratio","717A - 733B",0.027016903,0.191366898,31.60993221,-0.67361054,0.727644347,0.14117856,0.964450717,"ns"
"318",318,318,318,"ratio","717A - (733B + 141)",-1.39244467,0.190343577,30.98921921,-2.090757274,-0.694132066,-7.315427674,1.22e-07,"****"
"319",319,319,319,"ratio","717A - ExCtrl",-0.037322867,0.232703051,30.78322965,-0.891637352,0.816991618,-0.160388387,0.964450717,"ns"
"320",320,320,320,"ratio","717A - InCtrl",0.04039355,0.191366898,31.60993221,-0.660233893,0.741020993,0.211079087,0.957652456,"ns"
"321",321,321,321,"ratio","(717A + 141) - 733B",1.356684475,0.191366898,31.60993221,0.656057031,2.057311918,7.089441755,1.5e-07,"****"
"322",322,322,322,"ratio","(717A + 141) - (733B + 141)",-0.062777099,0.190343577,30.98921921,-0.761089702,0.635535505,-0.329809388,0.929703881,"ns"
"323",323,323,323,"ratio","(717A + 141) - ExCtrl",1.292344705,0.232703051,30.78322965,0.43803022,2.14665919,5.55362167,8.23e-06,"****"
"324",324,324,324,"ratio","(717A + 141) - InCtrl",1.370061121,0.191366898,31.60993221,0.669433678,2.070688565,7.159342281,1.33e-07,"****"
"325",325,325,325,"ratio","733B - (733B + 141)",-1.419461573,0.190343577,30.98921921,-2.117774177,-0.721148969,-7.457365236,1.04e-07,"****"
"326",326,326,326,"ratio","733B - ExCtrl",-0.06433977,0.232703051,30.78322965,-0.918654255,0.789974715,-0.276488726,0.957652456,"ns"
"327",327,327,327,"ratio","733B - InCtrl",0.013376647,0.191366898,31.60993221,-0.687250797,0.71400409,0.069900526,0.964450717,"ns"
"328",328,328,328,"ratio","(733B + 141) - ExCtrl",1.355121803,0.231862238,30.37264258,0.502680444,2.207563162,5.844512731,4.05e-06,"****"
"329",329,329,329,"ratio","(733B + 141) - InCtrl",1.43283822,0.190343577,30.98921921,0.734525616,2.131150824,7.52764156,9.92e-08,"****"
"330",330,330,330,"ratio","ExCtrl - InCtrl",0.077716417,0.232703051,30.78322965,-0.776598068,0.932030902,0.333972488,0.929703881,"ns"
"331",331,331,331,"total_nod","141 - 522",40.38427817,3.702747125,30.99293578,26.80019722,53.96835911,10.90657201,4.28e-11,"****"
"332",332,332,332,"total_nod","141 - (522 + 141)",7.384278165,3.702747125,30.99293578,-6.199802778,20.96835911,1.994270177,0.091638702,"ns"
"333",333,333,333,"total_nod","141 - 702A",40.38427817,3.702747125,30.99293578,26.80019722,53.96835911,10.90657201,4.28e-11,"****"
"334",334,334,334,"total_nod","141 - (702A + 141)",6.734278165,3.702747125,30.99293578,-6.849802778,20.31835911,1.818724838,0.127193523,"ns"
"335",335,335,335,"total_nod","141 - 717A",40.38427817,3.720802255,31.55989606,26.75956333,54.008993,10.85364806,4.28e-11,"****"
"336",336,336,336,"total_nod","141 - (717A + 141)",9.047002486,3.720802255,31.55989606,-4.577712352,22.67171732,2.431465546,0.035923209,"*"
"337",337,337,337,"total_nod","141 - 733B",40.38427817,3.720802255,31.55989606,26.75956333,54.008993,10.85364806,4.28e-11,"****"
"338",338,338,338,"total_nod","141 - (733B + 141)",10.13427817,3.702747125,30.99293578,-3.449802778,23.71835911,2.736961997,0.018052755,"*"
"339",339,339,339,"total_nod","141 - ExCtrl",40.38427817,4.527525575,30.80472887,23.76375555,57.00480078,8.919723919,1.69e-09,"****"
"340",340,340,340,"total_nod","141 - InCtrl",40.38427817,3.720802255,31.55989606,26.75956333,54.008993,10.85364806,4.28e-11,"****"
"341",341,341,341,"total_nod","522 - (522 + 141)",-33,3.684603523,30.42949969,-46.54373753,-19.45626247,-8.956187495,1.69e-09,"****"
"342",342,342,342,"total_nod","522 - 702A",-7.11e-15,3.684603523,30.42949969,-13.54373753,13.54373753,-1.93e-15,1,"ns"
"343",343,343,343,"total_nod","522 - (702A + 141)",-33.65,3.684603523,30.42949969,-47.19373753,-20.10626247,-9.132597249,1.69e-09,"****"
"344",344,344,344,"total_nod","522 - 717A",0,3.702747125,30.99293578,-13.58408094,13.58408094,0,1,"ns"
"345",345,345,345,"total_nod","522 - (717A + 141)",-31.33727568,3.702747125,30.99293578,-44.92135662,-17.75319474,-8.46325029,3.85e-09,"****"
"346",346,346,346,"total_nod","522 - 733B",0,3.702747125,30.99293578,-13.58408094,13.58408094,0,1,"ns"
"347",347,347,347,"total_nod","522 - (733B + 141)",-30.25,3.684603523,30.42949969,-43.79373753,-16.70626247,-8.209838538,6.93e-09,"****"
"348",348,348,348,"total_nod","522 - ExCtrl",7.11e-15,4.512699268,30.42949969,-16.58762307,16.58762307,1.57e-15,1,"ns"
"349",349,349,349,"total_nod","522 - InCtrl",-7.11e-15,3.702747125,30.99293578,-13.58408094,13.58408094,-1.92e-15,1,"ns"
"350",350,350,350,"total_nod","(522 + 141) - 702A",33,3.684603523,30.42949969,19.45626247,46.54373753,8.956187495,1.69e-09,"****"
"351",351,351,351,"total_nod","(522 + 141) - (702A + 141)",-0.65,3.684603523,30.42949969,-14.19373753,12.89373753,-0.176409754,1,"ns"
"352",352,352,352,"total_nod","(522 + 141) - 717A",33,3.702747125,30.99293578,19.41591906,46.58408094,8.912301836,1.69e-09,"****"
"353",353,353,353,"total_nod","(522 + 141) - (717A + 141)",1.662724321,3.702747125,30.99293578,-11.92135662,15.24680526,0.449051546,0.950224669,"ns"
"354",354,354,354,"total_nod","(522 + 141) - 733B",33,3.702747125,30.99293578,19.41591906,46.58408094,8.912301836,1.69e-09,"****"
"355",355,355,355,"total_nod","(522 + 141) - (733B + 141)",2.75,3.684603523,30.42949969,-10.79373753,16.29373753,0.746348958,0.704587085,"ns"
"356",356,356,356,"total_nod","(522 + 141) - ExCtrl",33,4.512699268,30.42949969,16.41237693,49.58762307,7.312696468,6.89e-08,"****"
"357",357,357,357,"total_nod","(522 + 141) - InCtrl",33,3.702747125,30.99293578,19.41591906,46.58408094,8.912301836,1.69e-09,"****"
"358",358,358,358,"total_nod","702A - (702A + 141)",-33.65,3.684603523,30.42949969,-47.19373753,-20.10626247,-9.132597249,1.69e-09,"****"
"359",359,359,359,"total_nod","702A - 717A",7.11e-15,3.702747125,30.99293578,-13.58408094,13.58408094,1.92e-15,1,"ns"
"360",360,360,360,"total_nod","702A - (717A + 141)",-31.33727568,3.702747125,30.99293578,-44.92135662,-17.75319474,-8.46325029,3.85e-09,"****"
"361",361,361,361,"total_nod","702A - 733B",7.11e-15,3.702747125,30.99293578,-13.58408094,13.58408094,1.92e-15,1,"ns"
"362",362,362,362,"total_nod","702A - (733B + 141)",-30.25,3.684603523,30.42949969,-43.79373753,-16.70626247,-8.209838538,6.93e-09,"****"
"363",363,363,363,"total_nod","702A - ExCtrl",1.42e-14,4.512699268,30.42949969,-16.58762307,16.58762307,3.15e-15,1,"ns"
"364",364,364,364,"total_nod","702A - InCtrl",0,3.702747125,30.99293578,-13.58408094,13.58408094,0,1,"ns"
"365",365,365,365,"total_nod","(702A + 141) - 717A",33.65,3.702747125,30.99293578,20.06591906,47.23408094,9.087847175,1.69e-09,"****"
"366",366,366,366,"total_nod","(702A + 141) - (717A + 141)",2.312724321,3.702747125,30.99293578,-11.27135662,15.89680526,0.624596885,0.797956425,"ns"
"367",367,367,367,"total_nod","(702A + 141) - 733B",33.65,3.702747125,30.99293578,20.06591906,47.23408094,9.087847175,1.69e-09,"****"
"368",368,368,368,"total_nod","(702A + 141) - (733B + 141)",3.4,3.684603523,30.42949969,-10.14373753,16.94373753,0.922758712,0.571044875,"ns"
"369",369,369,369,"total_nod","(702A + 141) - ExCtrl",33.65,4.512699268,30.42949969,17.06237693,50.23762307,7.456734429,4.85e-08,"****"
"370",370,370,370,"total_nod","(702A + 141) - InCtrl",33.65,3.702747125,30.99293578,20.06591906,47.23408094,9.087847175,1.69e-09,"****"
"371",371,371,371,"total_nod","717A - (717A + 141)",-31.33727568,3.720802255,31.55989606,-44.96199052,-17.71256084,-8.422182511,3.85e-09,"****"
"372",372,372,372,"total_nod","717A - 733B",0,3.720802255,31.55989606,-13.62471484,13.62471484,0,1,"ns"
"373",373,373,373,"total_nod","717A - (733B + 141)",-30.25,3.702747125,30.99293578,-43.83408094,-16.66591906,-8.169610016,6.93e-09,"****"
"374",374,374,374,"total_nod","717A - ExCtrl",7.11e-15,4.527525575,30.80472887,-16.62052262,16.62052262,1.57e-15,1,"ns"
"375",375,375,375,"total_nod","717A - InCtrl",-7.11e-15,3.720802255,31.55989606,-13.62471484,13.62471484,-1.91e-15,1,"ns"
"376",376,376,376,"total_nod","(717A + 141) - 733B",31.33727568,3.720802255,31.55989606,17.71256084,44.96199052,8.422182511,3.85e-09,"****"
"377",377,377,377,"total_nod","(717A + 141) - (733B + 141)",1.087275679,3.702747125,30.99293578,-12.49680526,14.67135662,0.293640274,1,"ns"
"378",378,378,378,"total_nod","(717A + 141) - ExCtrl",31.33727568,4.527525575,30.80472887,14.71675306,47.95779829,6.921501637,1.8e-07,"****"
"379",379,379,379,"total_nod","(717A + 141) - InCtrl",31.33727568,3.720802255,31.55989606,17.71256084,44.96199052,8.422182511,3.85e-09,"****"
"380",380,380,380,"total_nod","733B - (733B + 141)",-30.25,3.702747125,30.99293578,-43.83408094,-16.66591906,-8.169610016,6.93e-09,"****"
"381",381,381,381,"total_nod","733B - ExCtrl",7.11e-15,4.527525575,30.80472887,-16.62052262,16.62052262,1.57e-15,1,"ns"
"382",382,382,382,"total_nod","733B - InCtrl",-7.11e-15,3.720802255,31.55989606,-13.62471484,13.62471484,-1.91e-15,1,"ns"
"383",383,383,383,"total_nod","(733B + 141) - ExCtrl",30.25,4.512699268,30.42949969,13.66237693,46.83762307,6.703305096,3.4e-07,"****"
"384",384,384,384,"total_nod","(733B + 141) - InCtrl",30.25,3.702747125,30.99293578,16.66591906,43.83408094,8.169610016,6.93e-09,"****"
"385",385,385,385,"total_nod","ExCtrl - InCtrl",-1.42e-14,4.527525575,30.80472887,-16.62052262,16.62052262,-3.14e-15,1,"ns"
"386",386,386,386,"nod_mass","141 - (522 + 141)",0.000113729,0.000190931,15.06166141,-0.000513248,0.000740706,0.595654653,0.700313614,"ns"
"387",387,387,387,"nod_mass","141 - (702A + 141)",9.07e-05,0.000190931,15.06166141,-0.000536268,0.000717686,0.475087546,0.712822824,"ns"
"388",388,388,388,"nod_mass","141 - (717A + 141)",0.000300669,0.000193467,15.71179266,-0.000330284,0.000931623,1.554114617,0.350166883,"ns"
"389",389,389,389,"nod_mass","141 - (733B + 141)",0.000462889,0.000190931,15.06166141,-0.000164088,0.001089866,2.424377975,0.2811974,"ns"
"390",390,390,390,"nod_mass","(522 + 141) - (702A + 141)",-2.3e-05,0.000188361,14.41737649,-0.00064619,0.00060015,-0.122212027,0.904418293,"ns"
"391",391,391,391,"nod_mass","(522 + 141) - (717A + 141)",0.000186941,0.000190931,15.06166141,-0.000440037,0.000813918,0.979099841,0.571660812,"ns"
"392",392,392,392,"nod_mass","(522 + 141) - (733B + 141)",0.00034916,0.000188361,14.41737649,-0.00027401,0.00097233,1.853672952,0.2811974,"ns"
"393",393,393,393,"nod_mass","(702A + 141) - (717A + 141)",0.000209961,0.000190931,15.06166141,-0.000417017,0.000836938,1.099666947,0.571660812,"ns"
"394",394,394,394,"nod_mass","(702A + 141) - (733B + 141)",0.00037218,0.000188361,14.41737649,-0.00025099,0.00099535,1.975884979,0.2811974,"ns"
"395",395,395,395,"nod_mass","(717A + 141) - (733B + 141)",0.000162219,0.000190931,15.06166141,-0.000464758,0.000789197,0.849623482,0.584052795,"ns"
